{"cameraMode":{"drawMode":0,"name":"Shaded","section":"Shading Mode"},"sceneLighting":false,"audioPlay":false,"sceneViewState":{"showFog":true,"showMaterialUpdate":false,"showSkybox":false,"showFlares":true,"showImageEffects":true,"showParticleSystems":true},"in2DMode":false,"pivot":{"x":0.0,"y":-0.8199999332427979,"z":24.360000610351564},"rotation":{"x":-0.16599678993225099,"y":-0.4361902177333832,"z":0.08220800012350083,"w":-0.8806027173995972},"size":27.584861755371095,"orthographic":false}