{"cameraMode":{"drawMode":0,"name":"Shaded","section":"Shading Mode"},"sceneLighting":true,"audioPlay":false,"sceneViewState":{"showFog":true,"showMaterialUpdate":false,"showSkybox":true,"showFlares":true,"showImageEffects":true,"showParticleSystems":true},"in2DMode":false,"pivot":{"x":-32.34322738647461,"y":5.387279510498047,"z":0.8595142364501953},"rotation":{"x":-0.14648091793060304,"y":-0.658318817615509,"z":0.13179375231266023,"w":-0.7267252206802368},"size":67.91372680664063,"orthographic":false}